amino_acid,treatment,n,mean,sd,ymax,letter
Glutamic acid,ND,3,0.45666666666666667,0.020816659994661316,0.477483326661328,a
Glutamic acid,W,3,0.26666666666666666,0.08144527815247077,0.34811194481913743,b
Glutamic acid,Bn,3,0.060000000000000005,0.017320508075688773,0.07732050807568877,c
Glutamic acid,Br,3,0.043333333333333335,0.005773502691896259,0.0491068360252296,c
Aspartic acid,ND,3,0.8333333333333334,0.11150485789118485,0.9448381912245182,a
Aspartic acid,W,3,0.9266666666666666,0.08020806277010645,1.006874729436773,a
Aspartic acid,Bn,3,0.8933333333333333,0.12342339054382412,1.0167567238771573,a
Aspartic acid,Br,3,0.9766666666666667,0.3002221399786054,1.2768888066452722,a
Leucine,ND,3,0.19666666666666666,0.03214550253664318,0.22881216920330982,b
Leucine,W,3,0.44666666666666666,0.005773502691896263,0.4524401693585629,a
Leucine,Bn,3,0.16666666666666669,0.030550504633038933,0.19721717129970562,b
Leucine,Br,3,0.16666666666666669,0.005773502691896263,0.17244016935856296,b
