amino_acid,comparison,diff,lwr,upr,p adj
Glutamic acid,W-ND,-0.1899999999999999,-0.3024629064122091,-0.07753709358779068,0.002834625592103013
Glutamic acid,Bn-ND,-0.3966666666666664,-0.5091295730788756,-0.28420376025445715,1.5907653630242713e-5
Glutamic acid,Br-ND,-0.41333333333333316,-0.5257962397455423,-0.300870426921124,1.1666301856894101e-5
Glutamic acid,Bn-W,-0.20666666666666653,-0.31912957307887574,-0.09420376025445731,0.0016513762171960211
Glutamic acid,Br-W,-0.22333333333333327,-0.3357962397455425,-0.11087042692112406,9.881091893584326e-4
Glutamic acid,Br-Bn,-0.016666666666666746,-0.12912957307887596,0.09579623974554247,0.9626191141509737
Aspartic acid,W-ND,0.05166666666666664,-0.3500993147267389,0.45343264806007216,0.9681819158864777
Aspartic acid,Bn-ND,0.05999999999999994,-0.29935041817702823,0.4193504181770281,0.9351493858500459
Aspartic acid,Br-ND,0.2966666666666665,-0.105099314726739,0.698432648060072,0.14682946083228077
Aspartic acid,Bn-W,0.008333333333333304,-0.3934326480600722,0.41009931472673883,0.9998516155655379
Aspartic acid,Br-W,0.24499999999999988,-0.19511258169473822,0.685112581694738,0.30995177900124526
Aspartic acid,Br-Bn,0.23666666666666658,-0.16509931472673894,0.6384326480600722,0.27227455884227314
Leucine,W-ND,0.24999999999999997,0.19104810999371297,0.308951890006287,3.9625010562760465e-6
Leucine,Bn-ND,-0.03000000000000011,-0.08895189000628713,0.02895189000628691,0.41567860764934006
Leucine,Br-ND,-0.03000000000000011,-0.08895189000628713,0.02895189000628691,0.41567860764934006
Leucine,Bn-W,-0.2800000000000001,-0.3389518900062871,-0.22104810999371305,1.6744831742299127e-6
Leucine,Br-W,-0.2800000000000001,-0.3389518900062871,-0.22104810999371305,1.6744831742299127e-6
Leucine,Br-Bn,0,-0.05895189000628702,0.05895189000628702,1
